date, pm25
2020/1/3, 230
2020/1/4, 128
2020/1/5, 174
2020/1/6, 215
2020/1/7, 225
2020/1/8, 252
2020/1/9, 261
2020/1/10, 201
2020/1/11, 193
2020/1/12, 205
2020/1/13, 191
2020/1/14, 220
2020/1/15, 286
2020/1/16, 333
2020/1/17, 249
2020/1/18, 272
2019/10/2, 99
2019/10/3, 132
2019/10/4, 108
2019/10/5, 97
2019/10/6, 114
2019/10/7, 119
2019/10/8, 106
2019/10/9, 70
2019/10/10, 44
2019/10/11, 65
2019/10/12, 157
2019/10/13, 133
2019/10/14, 158
2019/10/15, 153
2019/10/16, 151
2019/10/17, 137
2019/10/18, 130
2019/10/19, 149
2019/10/20, 150
2019/10/21, 160
2019/10/22, 174
2019/10/23, 162
2019/10/24, 177
2019/10/25, 117
2019/11/19, 223
2019/11/20, 212
2019/11/21, 206
2019/11/22, 193
2019/11/23, 189
2019/11/24, 224
2019/11/25, 250
2019/11/26, 232
2019/11/27, 243
2019/11/28, 226
2019/11/29, 172
2019/11/30, 201
2019/12/1, 234
2019/12/2, 218
2019/12/3, 194
2019/12/4, 211
2019/12/5, 215
2019/12/6, 193
2019/12/7, 168
2019/12/8, 165
2019/12/9, 170
2019/12/10, 165
2019/12/11, 160
2019/12/12, 174
2019/12/13, 172
2019/12/14, 222
2019/12/15, 244
2019/12/16, 208
2019/12/17, 165
2019/12/18, 176
2019/12/19, 180
2019/12/20, 184
2019/12/21, 223
2019/12/22, 290
2019/12/23, 286
2019/12/24, 287
2019/12/25, 295
2019/12/26, 238
2019/12/27, 244
2019/12/28, 217
2019/12/29, 259
2019/12/30, 212
2019/7/2, 41
2019/7/3, 16
2019/7/4, 42
2019/7/5, 77
2019/7/6, 62
2019/7/7, 56
2019/7/8, 32
2019/7/9, 55
2019/7/10, 57
2019/7/11, 56
2019/7/12, 58
2019/7/13, 59
2019/7/14, 75
2019/7/15, 80
2019/7/16, 93
2019/7/17, 92
2019/7/18, 124
2019/7/19, 91
2019/7/20, 38
2019/7/21, 62
2019/7/22, 60
2019/7/23, 49
2019/7/24, 33
2019/7/25, 33
2019/7/26, 61
2019/7/27, 45
2019/7/28, 40
2019/7/29, 9
2019/7/31, 44
2019/8/1, 39
2019/8/2, 50
2019/8/3, 36
2019/8/4, 48
2019/8/5, 92
2019/8/6, 77
2019/8/7, 56
2019/8/8, 5
2019/8/9, 40
2019/8/10, 54
2019/8/11, 73
2019/8/12, 96
2019/8/13, 79
2019/8/14, 33
2019/8/15, 72
2019/8/16, 56
2019/8/17, 65
2019/8/18, 66
2019/8/19, 44
2019/8/20, 34
2019/8/21, 61
2019/8/22, 66
2019/8/23, 65
2019/8/24, 40
2019/8/25, 43
2019/8/26, 24
2019/8/27, 31
2019/8/28, 28
2019/8/29, 62
2019/8/30, 57
2019/8/31, 63
2019/9/1, 65
2019/9/2, 94
2019/9/3, 51
2019/9/4, 41
2019/9/5, 43
2019/9/6, 41
2019/9/7, 43
2019/9/8, 44
2019/9/9, 53
2019/9/10, 65
2019/9/11, 73
2019/9/12, 61
2019/9/13, 72
2019/9/14, 64
2019/9/15, 79
2019/9/16, 83
2019/9/17, 74
2019/9/18, 63
2019/9/19, 53
2019/9/20, 43
2019/9/21, 80
2019/9/22, 87
2019/9/23, 68
2019/9/24, 52
2019/9/25, 29
2019/9/26, 58
2019/9/27, 67
2019/9/28, 71
2019/9/29, 72
2019/9/30, 53
2019/10/1, 53
2019/4/2, 84
2019/4/3, 113
2019/4/4, 112
2019/4/5, 94
2019/4/6, 102
2019/4/7, 99
2019/4/8, 90
2019/4/9, 86
2019/4/10, 85
2019/4/11, 77
2019/4/12, 92
2019/4/13, 88
2019/4/14, 98
2019/4/15, 88
2019/4/16, 88
2019/4/17, 108
2019/4/18, 137
2019/4/19, 145
2019/4/20, 135
2019/4/21, 106
2019/4/22, 95
2019/4/23, 130
2019/4/24, 93
2019/4/25, 84
2019/4/26, 76
2019/4/27, 99
2019/4/28, 110
2019/4/29, 87
2019/4/30, 70
2019/5/1, 63
2019/5/2, 49
2019/5/3, 54
2019/5/4, 63
2019/5/5, 69
2019/5/6, 129
2019/5/7, 131
2019/5/8, 137
2019/5/9, 141
2019/5/10, 141
2019/5/11, 141
2019/5/12, 133
2019/5/13, 121
2019/5/14, 109
2019/5/15, 99
2019/5/16, 97
2019/5/17, 106
2019/5/18, 111
2019/5/19, 112
2019/5/20, 113
2019/5/21, 112
2019/5/22, 93
2019/5/23, 99
2019/5/24, 80
2019/5/25, 83
2019/5/26, 76
2019/5/27, 77
2019/5/28, 62
2019/5/29, 48
2019/5/30, 66
2019/5/31, 52
2019/6/1, 39
2019/6/2, 64
2019/6/3, 56
2019/6/4, 79
2019/6/5, 74
2019/6/6, 63
2019/6/7, 49
2019/6/8, 46
2019/6/9, 30
2019/6/10, 76
2019/6/11, 77
2019/6/12, 72
2019/6/13, 68
2019/6/14, 91
2019/6/15, 87
2019/6/16, 48
2019/6/17, 65
2019/6/18, 107
2019/6/19, 98
2019/6/20, 115
2019/6/21, 89
2019/6/22, 44
2019/6/23, 50
2019/6/24, 38
2019/6/25, 50
2019/6/26, 44
2019/6/27, 23
2019/6/28, 29
2019/6/29, 48
2019/6/30, 79
2019/7/1, 93
2019/1/2, 252
2019/1/3, 221
2019/1/4, 268
2019/1/5, 302
2019/1/6, 283
2019/1/7, 216
2019/1/8, 223
2019/1/9, 226
2019/1/10, 239
2019/1/11, 255
2019/1/12, 237
2019/1/13, 296
2019/1/14, 224
2019/1/15, 277
2019/1/16, 265
2019/1/17, 208
2019/1/18, 242
2019/1/19, 262
2019/1/20, 293
2019/1/21, 270
2019/1/22, 310
2019/1/23, 355
2019/1/24, 272
2019/1/25, 229
2019/1/26, 196
2019/1/27, 182
2019/1/28, 179
2019/1/29, 180
2019/1/30, 174
2019/1/31, 171
2019/2/1, 232
2019/2/2, 216
2019/2/3, 241
2019/2/4, 222
2019/2/5, 216
2019/2/6, 217
2019/2/7, 234
2019/2/8, 237
2019/2/9, 185
2019/2/10, 178
2019/2/13, 168
2019/2/14, 204
2019/2/15, 253
2019/2/16, 236
2019/2/17, 161
2019/2/18, 161
2019/2/19, 176
2019/2/20, 174
2019/2/21, 160
2019/2/22, 181
2019/2/23, 149
2019/2/24, 167
2019/2/25, 164
2019/2/26, 151
2019/2/27, 120
2019/2/28, 69
2019/3/1, 94
2019/3/2, 136
2019/3/3, 153
2019/3/4, 178
2019/3/5, 157
2019/3/6, 126
2019/3/7, 155
2019/3/8, 161
2019/3/9, 149
2019/3/10, 149
2019/3/11, 125
2019/3/12, 123
2019/3/13, 157
2019/3/14, 137
2019/3/15, 165
2019/3/16, 160
2019/3/17, 123
2019/3/18, 148
2019/3/19, 119
2019/3/20, 134
2019/3/21, 144
2019/3/22, 135
2019/3/23, 129
2019/3/24, 145
2019/3/25, 137
2019/3/26, 158
2019/3/27, 143
2019/3/28, 137
2019/3/29, 133
2019/3/30, 117
2019/3/31, 123
2019/4/1, 116
2018/10/2, 143
2018/10/3, 147
2018/10/4, 136
2018/10/5, 154
2018/10/6, 175
2018/10/7, 163
2018/10/8, 164
2018/10/9, 167
2018/10/10, 123
2018/10/11, 45
2018/10/12, 54
2018/10/13, 61
2018/10/14, 79
2018/10/15, 93
2018/10/16, 135
2018/10/17, 152
2018/10/18, 168
2018/10/19, 165
2018/10/20, 167
2018/10/21, 179
2018/10/22, 180
2018/10/23, 176
2018/10/24, 186
2018/10/25, 178
2018/10/26, 177
2018/10/27, 196
2018/10/28, 184
2018/10/29, 170
2018/10/30, 120
2018/10/31, 99
2018/11/1, 81
2018/11/2, 89
2018/11/3, 131
2018/11/4, 147
2018/11/5, 125
2018/11/6, 136
2018/11/7, 168
2018/11/8, 280
2018/11/9, 283
2018/11/10, 223
2018/11/11, 228
2018/11/12, 188
2018/11/13, 199
2018/11/14, 230
2018/11/15, 214
2018/11/16, 206
2018/11/18, 204
2018/11/19, 187
2018/11/20, 190
2018/11/21, 219
2018/11/22, 226
2018/11/23, 265
2018/11/24, 250
2018/11/25, 270
2018/11/26, 298
2018/11/27, 243
2018/11/28, 176
2018/11/29, 168
2018/11/30, 175
2018/12/1, 179
2018/12/2, 209
2018/12/3, 193
2018/12/4, 224
2018/12/5, 231
2018/12/6, 278
2018/12/7, 276
2018/12/8, 341
2018/12/9, 301
2018/12/10, 279
2018/12/11, 266
2018/12/12, 265
2018/12/13, 231
2018/12/14, 189
2018/12/15, 194
2018/12/16, 191
2018/12/17, 191
2018/12/18, 192
2018/12/19, 163
2018/12/20, 166
2018/12/21, 191
2018/12/22, 263
2018/12/23, 312
2018/12/24, 262
2018/12/25, 233
2018/12/26, 271
2018/12/27, 263
2018/12/28, 10
2018/12/29, 11
2018/12/30, 82
2018/12/31, 231
2018/7/3, 109
2018/7/4, 102
2018/7/10, 78
2018/7/11, 86
2018/7/12, 74
2018/7/13, 79
2018/7/14, 69
2018/7/15, 62
2018/7/16, 53
2018/7/17, 55
2018/7/18, 71
2018/7/19, 77
2018/7/20, 79
2018/7/21, 85
2018/7/22, 59
2018/7/23, 58
2018/7/24, 102
2018/7/25, 99
2018/7/26, 116
2018/7/27, 105
2018/7/28, 107
2018/7/29, 133
2018/7/30, 147
2018/7/31, 117
2018/8/1, 134
2018/8/2, 120
2018/8/3, 133
2018/8/4, 140
2018/8/5, 142
2018/8/6, 129
2018/8/7, 138
2018/8/8, 111
2018/8/9, 85
2018/8/10, 88
2018/8/11, 93
2018/8/12, 89
2018/8/13, 84
2018/8/14, 74
2018/8/15, 71
2018/8/16, 61
2018/8/17, 72
2018/8/18, 81
2018/8/19, 87
2018/8/20, 113
2018/8/21, 60
2018/8/22, 58
2018/8/23, 68
2018/8/24, 87
2018/8/25, 90
2018/8/26, 70
2018/8/27, 40
2018/8/28, 33
2018/8/29, 33
2018/8/30, 50
2018/8/31, 106
2018/9/1, 104
2018/9/2, 41
2018/9/3, 38
2018/9/4, 99
2018/9/5, 123
2018/9/6, 84
2018/9/7, 31
2018/9/8, 57
2018/9/9, 71
2018/9/10, 58
2018/9/11, 77
2018/9/12, 118
2018/9/13, 133
2018/9/14, 151
2018/9/15, 146
2018/9/16, 157
2018/9/17, 154
2018/9/18, 163
2018/9/19, 139
2018/9/20, 27
2018/9/25, 84
2018/9/26, 98
2018/9/27, 118
2018/9/28, 141
2018/9/29, 140
2018/9/30, 151
2018/10/1, 144
2018/4/2, 138
2018/4/3, 130
2018/4/4, 146
2018/4/5, 134
2018/4/6, 115
2018/4/7, 126
2018/4/8, 131
2018/4/9, 127
2018/4/10, 130
2018/4/11, 138
2018/4/12, 131
2018/4/13, 116
2018/4/14, 123
2018/4/15, 109
2018/4/16, 137
2018/4/17, 125
2018/4/18, 105
2018/4/20, 82
2018/4/21, 80
2018/4/22, 72
2018/4/23, 91
2018/4/24, 104
2018/4/25, 124
2018/4/26, 109
2018/4/27, 93
2018/4/28, 99
2018/4/29, 117
2018/4/30, 85
2018/5/1, 79
2018/5/2, 107
2018/5/3, 89
2018/5/4, 107
2018/5/5, 92
2018/5/6, 89
2018/5/7, 84
2018/5/8, 87
2018/5/9, 88
2018/5/10, 96
2018/5/11, 99
2018/5/12, 72
2018/5/15, 153
2018/5/16, 119
2018/5/17, 105
2018/5/18, 138
2018/5/19, 108
2018/5/20, 140
2018/5/21, 111
2018/5/22, 116
2018/5/23, 97
2018/5/24, 87
2018/5/25, 75
2018/5/26, 67
2018/5/27, 72
2018/5/28, 74
2018/5/29, 65
2018/5/30, 66
2018/5/31, 86
2018/6/1, 105
2018/6/2, 93
2018/6/3, 106
2018/6/4, 97
2018/6/5, 108
2018/6/6, 91
2018/6/7, 99
2018/6/8, 86
2018/6/9, 83
2018/6/10, 109
2018/6/11, 119
2018/6/12, 138
2018/6/13, 113
2018/6/14, 126
2018/6/15, 140
2018/6/16, 145
2018/6/17, 142
2018/6/19, 158
2018/6/20, 145
2018/6/22, 97
2018/6/23, 90
2018/6/24, 81
2018/6/26, 106
2018/6/27, 111
2018/6/28, 54
2018/6/29, 67
2018/6/30, 45
2018/1/2, 195
2018/1/3, 242
2018/1/4, 230
2018/1/5, 238
2018/1/6, 275
2018/1/7, 304
2018/1/8, 260
2018/1/9, 272
2018/1/10, 276
2018/1/11, 324
2018/1/12, 283
2018/1/13, 354
2018/1/14, 358
2018/1/15, 383
2018/1/16, 289
2018/1/17, 400
2018/1/18, 341
2018/1/19, 306
2018/1/20, 321
2018/1/21, 344
2018/1/22, 360
2018/1/23, 226
2018/1/24, 276
2018/1/25, 232
2018/1/26, 200
2018/1/27, 214
2018/1/28, 208
2018/1/29, 230
2018/1/30, 208
2018/1/31, 218
2018/2/1, 193
2018/2/2, 268
2018/2/3, 274
2018/2/4, 250
2018/2/5, 167
2018/2/6, 177
2018/2/7, 213
2018/2/8, 198
2018/2/9, 189
2018/2/10, 183
2018/2/11, 176
2018/2/12, 180
2018/2/13, 186
2018/2/14, 189
2018/2/15, 188
2018/2/16, 183
2018/2/17, 184
2018/2/18, 221
2018/2/19, 200
2018/2/20, 174
2018/2/21, 168
2018/2/22, 174
2018/2/23, 194
2018/2/24, 181
2018/2/25, 169
2018/2/26, 163
2018/2/27, 165
2018/2/28, 174
2018/3/1, 180
2018/3/2, 190
2018/3/3, 174
2018/3/4, 158
2018/3/5, 163
2018/3/6, 164
2018/3/7, 164
2018/3/8, 157
2018/3/9, 169
2018/3/10, 182
2018/3/11, 176
2018/3/12, 173
2018/3/13, 157
2018/3/14, 160
2018/3/15, 177
2018/3/16, 160
2018/3/17, 161
2018/3/18, 163
2018/3/19, 174
2018/3/20, 174
2018/3/21, 177
2018/3/22, 168
2018/3/23, 159
2018/3/24, 155
2018/3/25, 153
2018/3/26, 157
2018/3/27, 160
2018/3/28, 163
2018/3/29, 148
2018/3/30, 129
2018/3/31, 114
2018/4/1, 121
2017/10/2, 67
2017/10/3, 70
2017/10/4, 76
2017/10/5, 78
2017/10/6, 101
2017/10/7, 87
2017/10/8, 85
2017/10/9, 65
2017/10/10, 47
2017/10/11, 75
2017/10/12, 76
2017/10/13, 84
2017/10/14, 57
2017/10/15, 52
2017/10/16, 108
2017/10/17, 146
2017/10/18, 179
2017/10/19, 120
2017/10/20, 54
2017/10/21, 61
2017/10/22, 67
2017/10/23, 114
2017/10/24, 137
2017/10/25, 132
2017/10/26, 130
2017/10/27, 169
2017/10/28, 183
2017/10/29, 191
2017/10/30, 182
2017/10/31, 169
2017/12/21, 181
2017/12/22, 233
2017/12/23, 238
2017/12/24, 222
2017/12/25, 261
2017/12/26, 285
2017/12/27, 222
2017/12/28, 209
2017/12/29, 207
2017/12/30, 204
2017/12/31, 229
2018/1/1, 266
2017/7/2, 87
2017/7/3, 102
2017/7/4, 106
2017/7/5, 90
2017/7/6, 114
2017/7/7, 129
2017/7/8, 126
2017/7/9, 122
2017/7/10, 92
2017/7/11, 99
2017/7/12, 107
2017/7/13, 123
2017/7/14, 68
2017/7/15, 69
2017/7/16, 62
2017/7/18, 76
2017/7/19, 54
2017/7/20, 59
2017/7/21, 87
2017/7/22, 100
2017/7/23, 94
2017/7/24, 85
2017/7/25, 80
2017/7/26, 105
2017/7/27, 106
2017/7/28, 101
2017/7/29, 112
2017/7/30, 132
2017/7/31, 112
2017/8/1, 130
2017/8/2, 120
2017/8/3, 139
2017/8/4, 120
2017/8/5, 114
2017/8/6, 111
2017/8/7, 87
2017/8/8, 95
2017/8/9, 88
2017/8/10, 90
2017/8/11, 91
2017/8/12, 118
2017/8/13, 122
2017/8/14, 97
2017/8/15, 123
2017/8/16, 112
2017/8/17, 111
2017/8/18, 108
2017/8/19, 74
2017/8/20, 67
2017/8/21, 78
2017/8/22, 89
2017/8/23, 110
2017/8/24, 106
2017/8/25, 99
2017/8/26, 76
2017/8/27, 70
2017/8/28, 65
2017/8/29, 64
2017/8/30, 78
2017/8/31, 88
2017/9/1, 100
2017/9/2, 100
2017/9/3, 94
2017/9/4, 133
2017/9/5, 149
2017/9/6, 151
2017/9/7, 148
2017/9/12, 75
2017/9/13, 91
2017/9/14, 127
2017/9/15, 134
2017/9/16, 116
2017/9/17, 129
2017/9/18, 113
2017/9/19, 68
2017/9/20, 39
2017/9/21, 31
2017/9/22, 17
2017/9/23, 36
2017/9/24, 84
2017/9/25, 106
2017/9/26, 122
2017/9/27, 122
2017/9/28, 111
2017/9/29, 135
2017/9/30, 95
2017/10/1, 77
2017/4/2, 115
2017/4/3, 110
2017/4/4, 120
2017/4/5, 97
2017/4/6, 94
2017/4/7, 97
2017/4/8, 108
2017/4/9, 125
2017/4/10, 126
2017/4/11, 132
2017/4/12, 140
2017/4/13, 144
2017/4/14, 135
2017/4/15, 116
2017/4/16, 117
2017/4/17, 82
2017/4/18, 129
2017/4/19, 107
2017/4/20, 133
2017/4/21, 109
2017/4/22, 134
2017/4/23, 124
2017/4/24, 138
2017/4/25, 128
2017/4/26, 142
2017/4/27, 146
2017/4/28, 144
2017/4/29, 140
2017/4/30, 126
2017/5/2, 122
2017/5/3, 113
2017/5/4, 123
2017/5/5, 128
2017/5/6, 114
2017/5/7, 93
2017/5/8, 112
2017/5/9, 86
2017/5/10, 105
2017/5/11, 105
2017/5/12, 89
2017/5/13, 111
2017/5/14, 98
2017/5/15, 120
2017/5/16, 98
2017/5/17, 97
2017/5/18, 127
2017/5/19, 119
2017/5/20, 120
2017/5/21, 132
2017/5/22, 133
2017/5/23, 131
2017/5/24, 126
2017/5/25, 116
2017/5/26, 108
2017/5/27, 89
2017/5/28, 108
2017/5/29, 109
2017/5/30, 124
2017/5/31, 105
2017/6/1, 119
2017/6/2, 107
2017/6/3, 104
2017/6/4, 105
2017/6/5, 92
2017/6/6, 103
2017/6/7, 94
2017/6/8, 100
2017/6/9, 97
2017/6/10, 85
2017/6/11, 81
2017/6/12, 69
2017/6/13, 88
2017/6/14, 140
2017/6/15, 81
2017/6/16, 61
2017/6/17, 124
2017/6/18, 126
2017/6/19, 107
2017/6/20, 107
2017/6/21, 88
2017/6/22, 98
2017/6/23, 115
2017/6/24, 114
2017/6/25, 125
2017/6/26, 78
2017/6/27, 71
2017/6/28, 65
2017/6/29, 65
2017/6/30, 70
2017/7/1, 98
2017/1/3, 306
2017/1/4, 256
2017/1/5, 214
2017/1/6, 229
2017/1/7, 210
2017/1/8, 234
2017/1/9, 224
2017/1/10, 212
2017/1/11, 204
2017/1/12, 184
2017/1/13, 183
2017/1/14, 190
2017/1/15, 194
2017/1/16, 203
2017/1/17, 249
2017/1/18, 280
2017/1/19, 300
2017/1/20, 250
2017/1/21, 253
2017/1/22, 260
2017/1/23, 212
2017/1/24, 234
2017/1/25, 249
2017/1/26, 239
2017/1/27, 219
2017/1/28, 258
2017/1/29, 219
2017/1/30, 160
2017/1/31, 196
2017/2/1, 210
2017/2/2, 223
2017/2/3, 222
2017/2/4, 206
2017/2/5, 204
2017/2/6, 206
2017/2/7, 250
2017/2/8, 214
2017/2/9, 228
2017/2/10, 222
2017/2/11, 214
2017/2/12, 207
2017/2/13, 195
2017/2/14, 212
2017/2/15, 241
2017/2/16, 205
2017/2/17, 210
2017/2/18, 232
2017/2/19, 182
2017/2/20, 187
2017/2/22, 157
2017/2/23, 145
2017/2/24, 158
2017/2/25, 171
2017/2/26, 192
2017/2/27, 181
2017/2/28, 179
2017/3/1, 200
2017/3/2, 194
2017/3/3, 166
2017/3/4, 158
2017/3/5, 152
2017/3/6, 129
2017/3/7, 151
2017/3/8, 180
2017/3/9, 148
2017/3/10, 137
2017/3/11, 115
2017/3/12, 129
2017/3/13, 162
2017/3/14, 163
2017/3/15, 173
2017/3/16, 180
2017/3/17, 176
2017/3/18, 162
2017/3/19, 151
2017/3/20, 151
2017/3/21, 157
2017/3/22, 157
2017/3/23, 151
2017/3/24, 152
2017/3/25, 152
2017/3/26, 153
2017/3/27, 150
2017/3/28, 152
2017/3/29, 129
2017/3/30, 119
2017/3/31, 99
2017/4/1, 109